{
  "train": {
    "r2": 0.9990150245333658,
    "WAPE": 0.005745090316138902
  },
  "test": {
    "r2": 0.9990150245333658,
    "WAPE": 0.005745090316138902
  }
}