{
  "train": {
    "r2": 0.9989596994554053,
    "WAPE": 0.005719244282025592
  },
  "test": {
    "r2": 0.9989596994554053,
    "WAPE": 0.005719244282025592
  }
}